{
 "Debug info": "+94761332025",
 "Device ID": 0,
 "Description": "2.22.12.77",
 "Version": "2.22.12.77",
 "App": "com.whatsapp.w4b",
 "MDEnabled": true,
 "HasMdCompanion": false,
 "LC": "US",
 "LG": "en",
 "Context": "settings\/about",
 "Carrier": "Dialog",
 "Manufacturer": "HMD Global",
 "Model": "Nokia C2",
 "useragent": "WhatsApp\/2.22.12.77 SMBA\/9 Device\/HMD_Global-Nokia_C2",
 "CPU ABI": "armeabi-v7a",
 "OS": "9",
 "Socket Conn": "UP",
 "Radio MCC-MNC": "413-02",
 "SIM MCC-MNC": "413-02",
 "Free Space Built-In": "1541349376 (1.54 GB)",
 "Free Space Removable": "1541337088 (1.54 GB)",
 "FAQ Results Returned": 15,
 "FAQ Results Read": 0,
 "Smb count": "1065",
 "Ent count": "1",
 "Away state": "0",
 "Away start time": "1653643822052",
 "Away end time": "1653655522052",
 "Greeting message on": "true",
 "CCode": "94 761332025",
 "Target": "release",
 "Product": "Nebula_00WW",
 "Device": "NBL",
 "Build": "00WW_1_140_SP02",
 "Board": "Nebula",
 "Kernel": "Unknown release unknown version",
 "Connection": "W.I.F.I.",
 "Device ISO8601": "2022-06-18 18:32:33.863+0530",
 "Phone Type": "G.S.M.",
 "Network Type": "U.N.K.N.O.W.N.",
 "Missing Permissions": "android.permission.INSTALL_SHORTCUT, android.permission.READ_PHONE_NUMBERS, android.permission.READ_PHONE_STATE, android.permission.SCHEDULE_EXACT_ALARM, android.permission.REQUEST_INSTALL_PACKAGES, android.permission.USE_FULL_SCREEN_INTENT, com.sec.android.provider.badge.permission.READ, com.sec.android.provider.badge.permission.WRITE, com.htc.launcher.permission.READ_SETTINGS, com.htc.launcher.permission.UPDATE_SHORTCUT, com.sonyericsson.home.permission.BROADCAST_BADGE, com.sonymobile.home.permission.PROVIDER_INSERT_BADGE, com.huawei.android.launcher.permission.READ_SETTINGS, com.huawei.android.launcher.permission.WRITE_SETTINGS, com.huawei.android.launcher.permission.CHANGE_BADGE, android.permission.CALL_PHONE, android.permission.ANSWER_PHONE_CALLS, android.permission.READ_CALL_LOG",
 "Architecture": "armv7l",
 "Diagnostic Codes": "FE-GDE FE-GDC FE-VIDC FE-SMSRTV ",
 "Network metered": "102:false",
 "Network restricted": "102:false",
 "Data roaming": "false",
 "Tel roaming": "false",
 "last tslog call id": "",
 "ABprops hash state": "false",
 "Serverprops hash state": "true",
 "Video transcode": "supported",
 "anid": "7fb1e5a0-9989-4e1a-be13-e2e56461ddf9",
 "XPMigrated": "no",
 "Datacenter": "nao",
 "Screen reader": false,
 "Fingerprint eligible": false,
 "Last local backup time": "2022-06-18 02:11:16.000+0530",
 "Google account added": false,
 "Groups media visibility": "default",
 "Individual media visibility": "default",
 "In scoped mode": false,
 "Has unexpected .nomedia": false,
 "Is Tablet": false,
 "Is Foldable": false
}